OID_,OBJECTID,URL_PATH,IMAGE_PATH,IMAGE_ALT_,PHOTOCREDI,PAGETITLE,LASTMODIFI,LATITUDE,LONGTITUDE,ADDRESS,POSTALCODE,OVERVIEW,EXTERNAL_L,META_DESCR,OPENING_HO,INC_CRC,FMEL_UPD_D,X_ADDR,Y_ADDR
0,1,www.yoursingapore.com/en/see-do-singapore/culture-heritage/heritage-discovery/chinatown-heritage-centre.html,www.yoursingapore.com/content/dam/desktop/global/see-do-singapore/culture-heritage/chinatown-heritage-centre-carousel01-rect.jpg,Learn more about local Chinese culture at the Singapore Chinatown Heritage Centre.,Joel Chua DY,"Chinatown Heritage Centre, Singapore",2015-11-02T10:16:52.847+08:00,1.28351,103.84435,48 Pagoda Street, ,Experience how Singapore08:00,http://www.singaporechinatown.com.sg/,"At the Chinatown Heritage Centre, experience how Singaporeinatown Heritage Centre.","Daily, 9am atown Heritage Centre, experience how Singaporeinatown Heritage Centre.",255C03B58EE7B003,9/1/2017 0:00,29227.7061,29549.5371
1,2,www.yoursingapore.com/en/see-do-singapore/culture-heritage/places-of-worship/thian-hock-keng-temple.html,www.yoursingapore.com/content/dam/desktop/global/see-do-singapore/culture-heritage/thian-hock-kheng-temple-carousel01-rect.jpg,"The Thian Hock Keng Temple in Singapore is dedicated to Mazu, the Goddess of the Sea.",Joel Chua DY,"Thian Hock Keng Temple, Singapore",2015-11-02T10:20:57.245+08:00,1.28094,103.84763,158 Telok Ayer Street, ,"Beautifully restored, Thian Hock Keng Temple is the oldest Chinese temple in Singapore and dedicated to Mazu, the Goddess of the Sea.",http://www.thianhockkeng.com.sg,"Thian Hock Keng Temple is the oldest Chinese temple in Singapore and dedicated to Mazu, the Goddess of the Sea.","Daily, 7.30am g Temple is the oldest Chinese temple in Singapore and dedicated to Mazu, the Goddess of the Sea.",D5D3E3930E0C117F,9/1/2017 0:00,29592.7445,29265.3615
2,3,www.yoursingapore.com/en/see-do-singapore/culture-heritage/heritage-discovery/eurasian-heritage-centre.html,www.yoursingapore.com/content/dam/desktop/global/see-do-singapore/culture-heritage/eurasian-heritage-centre-carousel01-rect.jpg,Discover the history and culture of the Eurasian community in Singapore.,Joel Chua DY,Eurasian Heritage Centre: Singapore Attraction,2015-11-02T10:13:25.883+08:00,1.31007,103.89942,139 Ceylon Road, ,This engaging heritage attraction takes you through the history and culture of the Eurasian community in Singapore.,http://www.eurasians.org.sg/,This engaging heritage attraction takes you through the history and culture of the Eurasian community in Singapore.,"Tuesday to Sunday, 9am attraction takes you through the history and culture of the Eurasian community in Singapore.",9CB05BD01BA1715C,9/1/2017 0:00,35356.4676,32486.4992
3,4,www.yoursingapore.com/en/see-do-singapore/architecture/historical/shophouses-typology.html,www.yoursingapore.com/content/dam/desktop/global/see-do-singapore/architecture/shophouses-typology-carousel01-rect.jpg,The varying styles of Singapore's shophouses are a showcase of our evolving architecture., ,Shophouses,2015-11-02T10:15:26.429+08:00,1.2772186,103.8373356, ,0,"With many beautifully preserved examples on hand today, the shophouses in Singapore are prime examples of timeless architectural appeal.", ,"Few buildings epitomise our culture as fully as the shophouse, with its surprisingly harmonious mix of diverse design elements.", ,720A9127274D4EF2,9/1/2017 0:00,28447.0623,28853.8642
4,5,www.yoursingapore.com/en/see-do-singapore/architecture/modern/pinnacle-at-duxton.html,www.yoursingapore.com/content/dam/desktop/global/see-do-singapore/architecture/the-pinnacle-duxton-carousel01-rect.jpg,The Pinnacle@Duxton's architecture is a refreshing change in a sea of concrete blocks.,Malcolm Tredinnick,Pinnacle@Duxton,2015-11-02T09:37:49.535+08:00,1.27549,103.84142,1 Cantonment Road, ,The soaring lines and stunning views of majestic residential estate Pinnacle at Duxton will make you forget your fear of heights. Almost.,http://www.pinnacleduxton.com.sg,"With its lofty towers and dizzying sky gardens, the Pinnacle at Duxton takes residential living to soaring new heights.","50th storey Skybridge, Daily, 9am  sky gardens, the Pinnacle at Duxton takes residential living to soaring new heights.",2C6A0BFEF4508DE7,9/1/2017 0:00,28901.624,28662.7257
5,6,www.yoursingapore.com/en/see-do-singapore/architecture/historical/hajjah-fatimah-mosque.html,/content/dam/desktop/global/see-do-singapore/architecture/hajjah-fatimah-mosque-carousel01-rect.jpg,The Hajjah Fatimah Mosque in Singapore features an intriguing blend of cross-cultural architectural influences., ,Hajjah Fatimah Mosque,2015-11-02T09:55:25.479+08:00,1.30291,103.86285,4001 Beach Road, ,The Hajjah Fatimah Mosque will captivate you with its intriguing blend of cross-cultural architectural influences., ,"With its tilting European-style minaret and Chinese tiling, the Hajjah Fatimah Mosque is one of the most unique mosques in Singapore.","Daily, 9am lting European-style minaret and Chinese tiling, the Hajjah Fatimah Mosque is one of the most unique mosques in Singapore.",7E566C807458EAF9,9/1/2017 0:00,31286.5785,31694.7056
6,7,www.yoursingapore.com/en/see-do-singapore/culture-heritage/heritage-discovery/haw-par-villa.html, , , ,Haw Par Villa: Singapore Theme Park,2015-11-02T10:03:18.577+08:00,1.28551,103.78314,262 Pasir Panjang Road, ,Embark on an unforgettable journey into Chinese folklore and mythology at the Haw Par Villa theme park., ,A visit to the Haw Par Villa theme park is an unforgettable journey into Chinese folklore and mythology.,"Daily, 9am the Haw Par Villa theme park is an unforgettable journey into Chinese folklore and mythology.",5D5A48757DF05F69,9/1/2017 0:00,22415.5418,29770.739
7,8,www.yoursingapore.com/en/see-do-singapore/culture-heritage/heritage-discovery/nus-baba-house.html,www.yoursingapore.com/content/dam/desktop/global/see-do-singapore/culture-heritage/baba-house-carousel02-rect.jpg,Beautifully preserved architecture and artefacts make the NUS Baba House a must-visit., ,NUS Baba House - Singapore Peranakan Architecture,2015-11-02T10:05:26.618+08:00,1.27731,103.83731,157 Neil Road, ,"This heritage house lends rich insight into Singapore's Peranakan community, thanks to beautifully preserved architecture and artefacts.",http://www.nus.edu.sg/museum/baba,"NUS Baba House is a heritage house that gives a rich look at Singapore's Peranakan community, thanks to beautifully preserved architecture and artefacts.","Visits are by appointment only.Visitors must sign up in advance for heritage tours which fall on:Monday, 2pm ifully preserved architecture and artefacts.",0DA5B95C21C26A5A,9/1/2017 0:00,28444.2132,28863.9707
8,9,www.yoursingapore.com/en/see-do-singapore/architecture/historical/hong-san-see.html, , , ,Hong San See Temple Singapore,2015-11-02T10:04:31.503+08:00,1.29316,103.841222,31 Mohamed Sultan Road, ,"Restored by expert craftsmen from China, the Hong San See temple has been brought back to its full glory.", ,Dancing dragons and prancing phoenixes are just some of the visual delights to catch at the exquisitely restored Hong San See temple.,Daily,B87236103D7369A5,9/1/2017 0:00,28879.5822,30616.583
9,10,www.yoursingapore.com/en/see-do-singapore/architecture/historical/capitol-building-singapore.html,www.yoursingapore.com/content/dam/desktop/global/see-do-singapore/architecture/capitol-building-carousel01-rect-norender.jpg,The Capitol Building's distinctive facade adds a touch of grandeur to the cityscape., ,Capitol Building Singapore,2015-11-02T10:06:38.723+08:00,1.29354,103.85157,11 Stamford Road, ,The queen of Singapore cinemas will soon reclaim her crown as the premier entertainment hub when Capitol Building reopens next year.,http://www.capitolsingapore.com,"Now undergoing massive restoration works, Capitol Building will emerge as Singaporement hub when Capitol Building reopens next year.", ,C7F2EE424864FB14,9/1/2017 0:00,30031.2246,30658.6073
10,11,www.yoursingapore.com/en/see-do-singapore/architecture/modern/esplanade-theatres-on-the-bay.html,www.yoursingapore.com/content/dam/desktop/global/see-do-singapore/architecture/the-esplanade-theatres-on-the-bay-carousel01-rect.jpg,Catch a world-class opera or pop concert at Singaporedo-singapore/architecture/the-esplanade-theatres-on-the-bay-carousel01-rect.jpg, ,Esplanade Theatre,2015-11-02T09:14:44.054+08:00,1.28986,103.85528,1 Esplanade Drive, ,This boldly designed performing arts centre has become a memorable part of Singaporesplanade-theatres-on-the-bay-carousel01-rect.jpg,http://www.esplanade.com,The Esplanade is boldly designed performing arts centre that has become a memorable part of Singapore-on-the-bay-carousel01-rect.jpg, ,CBF71A2C5371C288,9/1/2017 0:00,30444.1189,30251.6951
11,12,www.yoursingapore.com/en/see-do-singapore/architecture/modern/gardens-by-the-bay.html,www.yoursingapore.com/content/dam/desktop/global/see-do-singapore/architecture/gardens-by-the-bay-carousel01-rect.jpg,"Gardens by the Bay seamlessly blends sleek design, cutting-edge technology and fun.", ,Gardens by the Bay,2015-11-02T09:42:14.206+08:00,1.281568,103.863613,18 Marina Gardens Drive, ,The lush and beautiful Gardens by the Bay is dominated by the sleekly sculptured biodomes the-bay-carousel01-rect.jpg,http://www.gardensbythebay.com.sg,"Biodomes, baobabs and the blossoming bounty of every conceivable plant will bowl you over at Gardens by the Bay.",Outdoor Gardens: 5am  the blossoming bounty of every conceivable plant will bowl you over at Gardens by the Bay.,FA494CA6D6146237,9/1/2017 0:00,31371.5217,29334.818
12,13,www.yoursingapore.com/en/see-do-singapore/architecture/modern/the-interlace.html, , , ,The Interlace,2015-11-02T09:19:31.553+08:00,1.28199,103.80305,180-226 Depot Road, ,There26 Depot Road,http://www.theinterlace.com,"Few buildings demonstrate out-of-the-box thinking as well as The Interlace, an intriguingly designed residential complex.", ,D95F49E8D6A32926,9/1/2017 0:00,24631.3547,29381.4805
13,14,www.yoursingapore.com/en/see-do-singapore/architecture/modern/parkroyal-on-pickering.html,www.yoursingapore.com/content/dam/desktop/global/see-do-singapore/architecture/parkroyal-pickering-carousel01-rect.jpg,Pamper yourself and save the world at the same time at PARKROYAL on Pickering., ,PARKROYAL on Pickering,2015-11-02T09:34:05.378+08:00,1.285563,103.846522,3 Upper Pickering Street, ,PARKROYAL on Pickering is a luxurious garden oasis in downtown Singapore.,http://www.parkroyalhotels.com/en/hotels-resorts/singapore/pickering.html,PARKROYAL on Pickering is a luxurious garden oasis in downtown Singapore., ,86BB3E462786BDFE,9/1/2017 0:00,29469.4305,29776.5482
14,15,www.yoursingapore.com/en/see-do-singapore/architecture/modern/lasalle-college-of-the-arts.html,www.yoursingapore.com/content/dam/desktop/global/see-do-singapore/architecture/503-lasalle-college-of-the-arts-carousel01-rect..jpg,Lasalle College of the Arts pushes the boundaries of creativity in architecture,Lasalle College of the Arts,Lasalle College of the Arts,2015-11-02T09:49:08.755+08:00,1.3029,103.8516,1 McNally Street, ,How can something that fits so perfectly into a cityscape evoke nature as well? It all lies in the design of Lasalle College of the Arts.,https://www.lasalle.edu.sg,"Lasalle College of the Arts evokes awe with its bold, graphic lines and stunning reinterpretation of nature.","Administration Office, Monday to Friday, 9am to 6pm. Visitors can still walk around the campus after office opening hours",C3B4EB77BCC4F51D,9/1/2017 0:00,30034.5559,31693.5879
15,16,www.yoursingapore.com/en/see-do-singapore/architecture/historical/old-supreme-court.html,www.yoursingapore.com/content/dam/desktop/global/see-do-singapore/architecture/old-supreme-court-carousel01-rect.jpg,The Old Supreme Court lends a stately presence to the heart of Singapore city., ,Old Supreme Court Singapore,2015-11-02T09:51:34.087+08:00,1.2897,103.85128,1 St Andrew's Road, ,"From dispensing justice to displaying art, the Old Supreme Court undergoes an overhaul for its new role as the National Gallery Singapore.",http://app.supremecourt.gov.sg/,"Due to reopen as the National Gallery Singapore, the Old Supreme Court is in itself a masterpiece of classical art.",Expected to open in 2015,18E4CDB43DDACBCD,9/1/2017 0:00,29998.953,30233.9997
16,17,www.yoursingapore.com/en/see-do-singapore/architecture/historical/sit-flats.html,www.yoursingapore.com/content/dam/desktop/global/see-do-singapore/architecture/sit-flat-carousel01-rect.jpg,The charm of Tiong Bahru comes to life through its Art Deco architecture., ,SIT Flats Singapore,2015-11-02T10:09:11.340+08:00,1.28351,103.8336,Seng Poh Road and Tiong Bahru Road,0,Take a walk back in time through the Art Deco architecture in the heritage neighbourhood of Tiong Bahru., ,The Art Deco elegance of the flats in Tiong Bahru speak of the richness of a vanished world., ,DA27CAA0D434D73E,9/1/2017 0:00,28031.3197,29549.5343
17,18,www.yoursingapore.com/en/see-do-singapore/architecture/historical/lau-pa-sat.html,www.yoursingapore.com/content/dam/desktop/global/see-do-singapore/architecture/lau-pa-sat-carousel01-rect.jpg,"Lau Pa Sat blends graceful colonial architecture, heritage and delicious food.", ,Lau Pa Sat Singapore,2015-11-02T09:59:12.640+08:00,1.28072,103.85044,18 Raffles Quay, ,"The grande dame of markets in Singapore, Lau Pa Sat blends history, striking architecture and scrumptious local food into one heady experience.",http://www.laupasat.biz,"The historic market Lau Pa Sat offers a winning combination of graceful colonial architecture, a longstanding heritage and delicious food.","Daily, 24 hours",A9FB88B3B9A04B47,9/1/2017 0:00,29905.4748,29241.037
18,19,www.yoursingapore.com/en/see-do-singapore/culture-heritage/heritage-discovery/malay-heritage-centre.html,www.yoursingapore.com/content/dam/desktop/global/see-do-singapore/culture-heritage/malay-heritage-centre-carousel01-rect.jpg,Delve into the rich heritage and culture of Singaporedo-singapore/culture-heritage/malay-heritage-centre-carousel01-rect.jpg, ,"Malay Heritage Centre, Singapore",2015-11-02T10:08:04.332+08:00,1.30309,103.85986,85 Sultan Gate, ,The Malay Heritage Centre is a must-visit if youaporedo-singapore/culture-heritage/malay-heritage-centre-carousel01-rect.jpg,http://www.malayheritage.org.sg,The Malay Heritage Centre is a must-visit if youaporedo-singapore/culture-heritage/malay-heritage-centre-carousel01-rect.jpg,"Malay Heritage Centre Museum, Tuesday to Sunday, 10am o-singapore/culture-heritage/malay-heritage-centre-carousel01-rect.jpg",40BEA3C445A32C7D,9/1/2017 0:00,30953.8185,31714.6052
19,20,www.yoursingapore.com/en/see-do-singapore/culture-heritage/heritage-discovery/peranakan-museum.html,www.yoursingapore.com/content/dam/desktop/global/see-do-singapore/culture-heritage/peranakan-museum-carousel01-rect.jpg,"Many communities, one nation. Find out more about our people, such as the ubiquitous Peranakans.", ,Peranakan Museum Singapore: History & Culture,2015-11-02T10:11:13.152+08:00,1.29421,103.8492,39 Armenian Street, ,Get to know Singapore52+08:00,http://peranakanmuseum.org.sg/,"At the Peranakan Museum, get to know Singaporeout our people, such as the ubiquitous Peranakans.","Saturday to Thursday, 10am t to know Singaporeout our people, such as the ubiquitous Peranakans.",01811F6A8AC24C77,9/1/2017 0:00,29767.4637,30732.6907
20,21,www.yoursingapore.com/en/see-do-singapore/architecture/historical/raffles-hotel.html,www.yoursingapore.com/content/dam/desktop/global/see-do-singapore/architecture/raffles-hotel-carousel03-rect.jpg,The iconic Raffles Hotel has been home to both tall tales and famous folks.,"Raffles Hotel, Singapore",Raffles Singapore,2015-11-02T10:11:09.028+08:00,1.29579,103.85404,1 Beach Road, ,"Hark back to a golden age of elegant refinement and gracious living at Raffles Singapore, where the past reawakens to glorious life.",http://www.raffleshotel.com,"Sip a Singapore Sling beneath the whirling fans at the Long Bar, and let the tranquil charms of Raffles Singapore bring you back into another era.","Daily, 24 hours",3EE5CC583F1EA3CF,9/1/2017 0:00,30306.112,30907.4027
21,22,www.yoursingapore.com/en/see-do-singapore/arts/performance-arts/gillman-barracks.html,www.yoursingapore.com/content/dam/desktop/global/see-do-singapore/arts/543-GillmanBarracks-Carousel01-rect.jpg, ,Gillman Barracks,Gillman Barracks .com/content/dam/desktop/global/see-do-singapore/arts/543-GillmanBarracks-Carousel01-rect.jpg,2015-11-03T10:00:29.955+08:00,1.2784,103.80459,9 Lock Road, ,A former British military camp is now Asia's new Destination for Contemporary Art.,https://www.gillmanbarracks.com/,Gillman Barracks Singapore is Asianow Asia's new Destination for Contemporary Art.,"Tuesday to Saturday, 11am - 7pm, Sunday, 11am - 6pm , Galleries closed on Monday and public holidays.",7C57E40897D81F38,9/1/2017 0:00,24802.7396,28984.5149
22,23,www.yoursingapore.com/en/see-do-singapore/history/history-museums/national-museum-of-singapore.html,www.yoursingapore.com/content/dam/desktop/global/see-do-singapore/history/national-museum-of-singapore-carousel01-rect.jpg,The National Museum of Singapore building is also an architectural icon that is stunning to behold.,National Heritage Board,National Museum of Singapore,2015-10-26T14:25:34.625+08:00,1.29689,103.84883,93 Stamford Road, ,Singaporerd Road,http://nationalmuseum.sg/,The National Museum of Singapore is a progressive showcase of the countryhat is stunning to behold.,"Singapore History Gallery Daily, 10am progressive showcase of the countryhat is stunning to behold.",89154246B42FDD93,9/1/2017 0:00,29726.284,31029.0309
23,24,www.yoursingapore.com/en/see-do-singapore/history/memorials/japanese-cemetery-park.html,www.yoursingapore.com/content/dam/desktop/global/see-do-singapore/history/japanese-cemetery-park-carousel01-rect.jpg,"The Japanese Cemetery Park holds the ashes of thousands of Japanese soldiers, marines and airmen killed during World War II.", ,The Japanese Cemetery Park,2015-10-26T14:42:00.436+08:00,1.36431,103.87584,825B Chuan Hoe Avenue, ,"Located in Hougang, this is the largest Japanese cemetery in Southeast Asia and the burial ground of Singapore World War II.", ,"The Japanese Cemetery Park is the largest Japanese cemetery in Southeast Asia, containing nearly 1,000 graves of SingaporeI.",Daily,BC34A1671E3AE3E2,9/1/2017 0:00,32732.1305,38484.0255
24,25,www.yoursingapore.com/en/see-do-singapore/history/memorials/dalhousie-obelisk.html,www.yoursingapore.com/content/dam/desktop/global/see-do-singapore/history/dalhousie-obelisk-carousel01-rect.jpg,The Dalhousie Obelisk is a historically significant piece of Singapore architecture.,Joel Chua DY,"Dalhousie Obelisk, a Singapore Landmark",2015-10-26T14:38:19.671+08:00,1.28704,103.85238,1 Empress Place, ,Dalhousie Obelisk at Empress Place is a famous architectural landmark in Singapore., ,Dalhousie Obelisk at Empress Place is a famous architectural landmark in Singapore.,Daily,77132707AEC29309,9/1/2017 0:00,30121.3759,29939.8715
25,26,www.yoursingapore.com/en/see-do-singapore/history/memorials/sir-raffles-statue-landing-site.html, , , ,Raffles Statue re.com/en/see-do-singapore/history/memorials/sir-raffles-statue-landing-site.html,2015-10-26T14:48:54.546+08:00,1.287766,103.850845,"Raffles Landing Site , 59 Boat Quay", ,"The sculpture depicts Sir Stamford Raffles, founder of modern Singapore. Two statues exist, at the Raffles Landing Site and Empress Place.", ,"Raffles Statue depicts the founder of modern Singapore, Sir Stamford Raffles. Two statues exist today, at the Raffles Landing Site and Empress Place.",Daily,DC70E9FD55023AA1,9/1/2017 0:00,29950.5427,30020.1476
26,27,www.yoursingapore.com/en/see-do-singapore/history/history-museums/philatelic-museum.html,www.yoursingapore.com/content/dam/desktop/global/see-do-singapore/history/singapore-philatetic-museum-carousel01-rect.jpg,Take a colourful trip back in time at this Singapore museum dedicated to postage stamps and related materials.,Singapore Philatelic Museum,Singapore Philatelic Museum,2015-10-26T14:31:26.106+08:00,1.29294,103.8487,23-B Coleman Street, ,The Singapore Philatelic Museum offers windows into Singapore and the world through stamps.,http://spm.org.sg,The Philatelic Museum offers visitors postage stamp-sized windows into Singapore and the rest of the world.,"Monday, 1pm ic Museum offers visitors postage stamp-sized windows into Singapore and the rest of the world.",04A519207A664846,9/1/2017 0:00,29711.8189,30592.2602
27,28,www.yoursingapore.com/en/see-do-singapore/history/memorials/lim-bo-seng-memorial.html,www.yoursingapore.com/content/dam/desktop/global/see-do-singapore/history/lim-bo-seng-memorial-carousel01-rect.jpg,The Lim Bo Seng Memorial commemorates one of Singapore's heroes from World War II., ,Lim Bo Seng Memorial,2015-10-26T15:07:36.240+08:00,1.288483,103.853027,"Esplanade Park, Connaught Drive",0,This gazetted national monument at Esplanade Park commemorates one of SingaporeII.,http://www.nhb.gov.sg/places/sites-and-monuments/national-monuments/esplanade-park-memorials,The gazetted Lim Bo Seng Memorial at Esplanade Park commemorates one of Singaporek-memorials,Daily,7D3A056808CD2ACE,9/1/2017 0:00,30193.3804,30099.4315
28,29,www.yoursingapore.com/en/see-do-singapore/history/memorials/kranji-war-memorial.html,www.yoursingapore.com/content/dam/desktop/global/see-do-singapore/history/kranji-war-memorial-carousel01-rect.jpg,"The serene Kranji War Memorial, Singapore is a hillside cemetery set in a quiet neighbourhood.", ,Kranji War Memorial Landmark in Singapore,2015-10-26T15:19:50.818+08:00,1.41903,103.75749,9 Woodlands Road, ,The Kranji War Memorial in Singapore honours the men and women from the Commonwealth who died in the line of duty during World War II.,http://bit.ly/19MZ0SB,The Kranji War Memorial in Singapore honours the men and women from the Commonwealth who died in the line of duty during World War II.,"Daily, 8am War Memorial in Singapore honours the men and women from the Commonwealth who died in the line of duty during World War II.",AFF4B707DB860EE4,9/1/2017 0:00,19561.3701,44534.7824
29,30,www.yoursingapore.com/en/see-do-singapore/history/memorials/indian-national-army-monument.html,www.yoursingapore.com/content/dam/desktop/global/see-do-singapore/history/indian-national-army-carousel01-rect.jpg,The Indian National Army Monument tells an intriguing story of Singapore's past., ,Indian National Army (INA) Monument in Singapore,2015-10-26T15:02:55.258+08:00,1.289954,103.854217,Esplanade Park,0,This marker at Esplanade Park was one of the eleven World War II markers erected in 1995 to commemorate the 50th anniversary of the end of World War II.,http://www.nhb.gov.sg/places/historic-sites/indian-national-army-memorial,The Indian National Army (INA) Monument at Esplanade Park is a memorial that was built in 1995 to mark the 50th anniversary of the end of World War II.,Daily,54D00ED8E4C566FC,9/1/2017 0:00,30325.8159,30262.0881
30,31,www.yoursingapore.com/en/see-do-singapore/history/memorials/reflections-at-bukit-chandu.html,www.yoursingapore.com/content/dam/desktop/global/see-do-singapore/history/reflections-at-bukit-chandu-carousel01-rect.jpg,Reflections at Bukit Chandu is housed in a lovingly restored colonial bungalow.,Reflections at Bukit Chandu,Reflections at Bukit Chandu: Singapore War Memorial,2015-10-26T14:52:32.405+08:00,1.27954,103.79433,31-K Pepys Road, ,"This heritage centre relives the Battle of Pasir Panjang, one of the fiercest battles fought against the Japanese in Singapore during World War II.",http://www.nhb.gov.sg/museums/reflections-at-bukit-chandu,"Reflections at Bukit Chandu relives the Battle of Pasir Panjang, one of the fiercest battles fought against the Japanese in Singapore during World War II.","Tuesday to Sunday, 9am andu relives the Battle of Pasir Panjang, one of the fiercest battles fought against the Japanese in Singapore during World War II.",F1CC9FAC359E754B,9/1/2017 0:00,23660.8859,29110.5853
31,32,www.yoursingapore.com/en/see-do-singapore/history/memorials/cenotaph.html,www.yoursingapore.com/content/dam/desktop/global/see-do-singapore/history/cenotaph-carousel01-rect.jpg,"Surrounded by lush green, The Cenotaph sits at a quiet spot amid the city buzz.", ,The Cenotaph - a Singapore War Memorial Landmark,2015-10-26T15:16:16.699+08:00,1.290348,103.8538376,"Esplanade Park, Connaught Drive",0,This war memorial in Esplanade Park honours the heroes who fought and died during World War I and World War II.,http://www.nhb.gov.sg/places/sites-and-monuments/national-monuments/esplanade-park-memorials,The Cenotaph in Singapore is a war memorial in Esplanade Park that honours the heroes who fought and died during World War I and World War II.,Daily,9BA6630A4456F36E,9/1/2017 0:00,30283.5915,30305.6543
32,33,www.yoursingapore.com/en/see-do-singapore/history/memorials/civilian-war-memorial.html, , , ,The Civilian War Memorial park in Singapore,2015-10-26T14:58:00.714+08:00,1.293123,103.854618,Bras Basah Road & Beach Road intersection, ,"Situated at the War Memorial Park in Beach Road, this memorial commemorates civilian victims of the Japanese Occupation in Singapore.",http://www.nhb.gov.sg/places/sites-and-monuments/national-monuments/civilian-war-memorial,The Civilian War Memorial and park in Beach Road commemorates Singaporeilian-war-memorial,Daily,20F9D59235BF6380,9/1/2017 0:00,30370.4408,30612.5001
33,34,www.yoursingapore.com/en/see-do-singapore/culture-heritage/places-of-worship/sri-veeramakaliamman-temple.html,www.yoursingapore.com/content/dam/desktop/global/see-do-singapore/culture-heritage/sri-veeramakaliamman-temple-carousel01-rect.jpg,The Sri Veeramakaliamman Temple is a distinctive landmark in the heart of Little India., ,Sri Veeramakaliamman Temple: Hindu Temple in Singapore,2015-11-02T10:25:02.966+08:00,1.30779,103.85258,141 Serangoon Road, ,Sri Veeramakaliamman Temple is one of Singaporengapore,http://www.sriveeramakaliamman.com/,Sri Veeramakaliamman Temple is one of Singaporengapore,"Daily, 5.30am iamman Temple is one of Singaporengapore",B909051E514A1E58,9/1/2017 0:00,30143.6168,32234.2997
34,35,www.yoursingapore.com/en/see-do-singapore/architecture/historical/maghain-aboth-synagogue.html, , , ,Maghain Aboth Synagogue,2015-11-02T10:18:20.061+08:00,1.29821,103.85081,24/26 Waterloo Street, ,"The Maghain Aboth Synagogue is a gem in more ways than one, providing both a snapshot of history and a glimpse into a rich culture.",http://www.singaporejews.com,The simple exterior of the Maghain Aboth Synagogue gives no indication of its richly elegant interiors.,"Visits are available only by appointment. For more information, email jewishwb@singnet.com.sg or call +65 6337 2189 (ext. 103)",C29D251F8B184037,9/1/2017 0:00,29946.6396,31174.9912
35,36,www.yoursingapore.com/en/see-do-singapore/culture-heritage/places-of-worship/sultan-mosque.html, , , ,Sultan Mosque (Masjid Sultan) Singapore,2015-11-02T10:27:45.190+08:00,1.302379,103.859171,3 Muscat Street, ,"Also known as Masjid Sultan, the impressive Sultan Mosque in historic Kampong Glam is the focal point for Singapore (ext. 103)",http://www.sultanmosque.org.sg,The impressive Sultan Mosque (also known as Masjid Sultan) in historic Kampong Glam is the focal point for Singapore(ext. 103),Monday to Sunday:9.30am sque (also known as Masjid Sultan) in historic Kampong Glam is the focal point for Singapore(ext. 103),8EAD53A17A6233BF,9/1/2017 0:00,30877.1398,31635.9857
36,37,www.yoursingapore.com/en/see-do-singapore/culture-heritage/places-of-worship/sri-mariamman-temple.html,www.yoursingapore.com/content/dam/desktop/global/see-do-singapore/culture-heritage/sri-mariamman-temple-carousel02-rect.jpg,Sri Mariamman Temple's ornate and elaborate detailing makes it a wonder to behold.,Joel Chua DY,Sri Mariamman Temple: Hindu Temple in Singapore,2015-11-02T10:31:58.848+08:00,1.28243,103.84538,244 South Bridge Road, ,"Located in Chinatown, the Sri Mariamman Temple dates back to 1827 and is the oldest Hindu temple in Singapore.",http://heb.gov.sg/our-subsidiaries/temples/sri-mariamman-temple.aspx,"Sri Mariamman Temple, located in Chinatown, is the oldest Hindu temple in Singapore.","Daily from 7am emple, located in Chinatown, is the oldest Hindu temple in Singapore.",87AEBE8461E729AF,9/1/2017 0:00,29342.3372,29430.1166
37,38,www.yoursingapore.com/en/see-do-singapore/culture-heritage/places-of-worship/armenian-church.html,www.yoursingapore.com/content/dam/desktop/global/see-do-singapore/culture-heritage/armenian-church-carousel01-rect.jpg,The Armenian Church in Singapore is a 19th-century architectural masterpiece.,Joel Chua DY,Armenian Church in Singapore,2015-11-02T10:34:55.710+08:00,1.29293,103.84966,60 Hill Street, ,The oldest Christian church in Singapore is an architectural masterpiece from the early 19th century.,http://www.armeniansinasia.org/,The Armenian Church is the oldest Christian church in Singapore and an architectural masterpiece from the early 19th century.,"Daily, 9am n Church is the oldest Christian church in Singapore and an architectural masterpiece from the early 19th century.",104B770A1395B723,9/1/2017 0:00,29818.6585,30591.1552
38,39,www.yoursingapore.com/en/see-do-singapore/architecture/historical/chijmes.html,www.yoursingapore.com/content/dam/desktop/global/see-do-singapore/architecture/chijmes-carousel01-rect.jpg,"The charm of CHIJMES, Singapore harks back to a bygone, gracious age.", ,CHIJMES Singapore,2015-11-02T10:13:35.220+08:00,1.29526,103.85168,30 Victoria Street, ,"Whether functioning as a school or a lifestyle and entertainment complex, it appears the beauty of CHIJMES is only equalled by its versatility.",http://chijmes.com.sg/,"Who would have thought a former school would make such a graceful transition? As a lifestyle and entertainment complex, CHIJMES soars high above the rest.","Daily, 24 hours,Opening hours of businesses in CHIJMES may vary.",2BACAF4FA15C1059,9/1/2017 0:00,30043.4653,30848.796
39,40,www.yoursingapore.com/en/see-do-singapore/culture-heritage/places-of-worship/st-andrews-cathedral.html,www.yoursingapore.com/content/dam/desktop/global/see-do-singapore/culture-heritage/st-andrews-cathedral-temple-carousel01-rect-norender.jpg,Singapore's largest cathedral is worth a visit for its architectural beauty.,Saint Andrew's Cathedral,St Andrewrew's Cathedral,2015-11-02T10:22:49.830+08:00,1.29249,103.85231,11 St Andrew's Road, ,Singapore's largest cathedral is a stellar example of colonial-era architecture and heritage.,http://www.livingstreams.org.sg/sac/visitors.html,St Andrew's Cathedral is Singapore's largest cathedral and a stellar example of colonial-era architecture and heritage.,"Monday to Saturday, 9am  Singapore's largest cathedral and a stellar example of colonial-era architecture and heritage.",E18BD72F36CBCE11,9/1/2017 0:00,30113.581,30542.5043
40,41,www.yoursingapore.com/en/see-do-singapore/arts/museums-galleries/artscience-museum.html,www.yoursingapore.com/content/dam/desktop/global/see-do-singapore/arts/art-science-musuem-carousel01-rect.jpg,The ArtScience Museum in Singapore hosts a variety of international touring exhibitions.,Vincent Chong,ArtScience Museum Singapore,2015-11-02T18:21:50.005+08:00,1.28624,103.85929,6 Bayfront Ave, ,Catch world-class touring exhibitions at this premier exhibition space.,http://www.marinabaysands.com/museum.html,Catch world-class touring exhibitions at the ArtScience Museum at Marina Bay Sands.,"Daily, 10am class touring exhibitions at the ArtScience Museum at Marina Bay Sands.",A37D6925DE629AB0,9/1/2017 0:00,30890.4018,29851.4184
41,42,www.yoursingapore.com/en/see-do-singapore/history/history-museums/memories-at-ford-factory.html,www.yoursingapore.com/content/dam/desktop/global/see-do-singapore/history/memories-at-ford-factory-carousel01-rect.jpg,"The site of the first Ford plant in Southeast Asia, the Old Ford Factory in Singapore is a journey to the past.",Joel Chua DY,Old Ford Factory Singapore Museum,2015-10-26T14:21:11.852+08:00,1.35232,103.76883,351 Upper Bukit Timah Road, ,The Old Ford Factory holds an archive of memories about Singapore's wartime occupation by the Japanese.,http://www.nas.gov.sg/moff/Home.aspx,The Old Ford Factory is a repository of memories about the hardships endured during the Japanese Occupation of Singapore.,"Monday to Saturday, 9am a repository of memories about the hardships endured during the Japanese Occupation of Singapore.",E7C292E56A127988,9/1/2017 0:00,20823.1487,37158.2861
42,43,www.yoursingapore.com/en/see-do-singapore/history/history-museums/singapore-coins-notes-museum.html,www.yoursingapore.com/content/dam/desktop/global/see-do-singapore/history/singapore-coins-and-notes-museum-carousel01-rect.jpg,Explore the city of Singapore through its coins and notes over the years at the Singapore Coins and Notes Museum.,Joel Chua DY,Singapore Coins and Notes Museum & Museum Singapore,2015-10-26T14:00:10.268+08:00,1.28343,103.84452,"40 Pagoda Street, Level 1", ,The rare collection of currencies on display here tells Singaporee years at the Singapore Coins and Notes Museum.,http://www.singaporecoinsandnotesmuseum.com/index1.php,The Singapore Coins and Notes Museum tells the story of Singapore through the currencies it has used over the years.,"Daily, 10am e Coins and Notes Museum tells the story of Singapore through the currencies it has used over the years.",D91B6BB291D5749B,9/1/2017 0:00,29246.6256,29540.691
43,44,www.yoursingapore.com/en/see-do-singapore/history/history-museums/singapore-city-gallery.html,www.yoursingapore.com/content/dam/desktop/global/see-do-singapore/history/singapore-city-gallery-carousel02-rect.jpg, , ,Singapore City Gallery,2015-10-26T14:11:48.280+08:00,1.27987,103.84513,"45 Maxwell Road, The URA Centre", ,The Singapore City Gallery tells the story of the cityo-singapore/history/singapore-city-gallery-carousel02-rect.jpg,http://www.ura.gov.sg/uol/citygallery.aspx,The Singapore City Gallery tells the story of the cityo-singapore/history/singapore-city-gallery-carousel02-rect.jpg,"Monday to Saturday, 9am ry tells the story of the cityo-singapore/history/singapore-city-gallery-carousel02-rect.jpg",D18E69A854F5D433,9/1/2017 0:00,29314.5154,29147.0449
44,45,www.yoursingapore.com/en/see-do-singapore/history/history-museums/changi-museum.html,www.yoursingapore.com/content/dam/desktop/global/see-do-singapore/history/changi-museum-carousel01-rect.jpg,Explore our wartime past by learning about the Fall of Singapore and the infamous Changi Prison.,Joel Chua DY,Changi Museum Singapore,2015-10-26T14:03:31.564+08:00,1.36218,103.97403,1000 Upper Changi Road North, ,Changi Museum provides an emotional exploration of Singaporepore and the infamous Changi Prison.,http://www.changimuseum.sg,Changi Museum provides an emotional exploration of Singaporepore and the infamous Changi Prison.,"Daily, 9:30am provides an emotional exploration of Singaporepore and the infamous Changi Prison.",6620F5130495399B,9/1/2017 0:00,43659.5426,38248.9163
45,46,www.yoursingapore.com/en/see-do-singapore/history/history-museums/mint-musuem-of-toys.html,www.yoursingapore.com/content/dam/desktop/global/see-do-singapore/history/mint-museum-of-toys-carousel02-rect.jpg,"More than 50,000 vintage toys from as many as 40 countries are on display at this Singapore toy museum.", ,MINT Museum of Toys Singapore & Toy Museum,2015-10-26T14:08:00.518+08:00,1.29631,103.85439,26 Seah Street, ,This toy museum will delight both adults and kids with the vast collection of vintage toys and memorabilia from around the world.,http://www.emint.com,Singapore's MINT Museum of Toys' vast collection of vintage toys will delight both kids and adults.,"Daily, 9.30am NT Museum of Toys' vast collection of vintage toys will delight both kids and adults.",F0E7EFFBBA4995AA,9/1/2017 0:00,30345.0636,30964.9021
46,47,www.yoursingapore.com/en/see-do-singapore/culture-heritage/heritage-discovery/chinese-heritage-centre.html,www.yoursingapore.com/content/dam/desktop/global/see-do-singapore/culture-heritage/chinese-heritage-centre-carousel02-rect.jpg,Explore questions on ethnic identity such as what it means to be a Chinese.,"Chinese Heritage Centre, NTU","Chinese Heritage Centre, Singapore",2015-11-02T09:59:33.922+08:00,1.34379,103.68398,12 Nanyang Drive, ,The Chinese Heritage Centre in Singapore is where you can find out more about overseas Chinese communities and their culture.,http://chc.ntu.edu.sg/,The Chinese Heritage Centre in Singapore is where you can find out more about overseas Chinese communities and their culture.,"Monday to Friday, 9.30am re in Singapore is where you can find out more about overseas Chinese communities and their culture.",C68A99A82B561DDA,9/1/2017 0:00,11380.228,36215.4949
47,48,www.yoursingapore.com/en/see-do-singapore/places-to-see/kampong-glam.html,www.yoursingapore.com/content/dam/desktop/global/see-do-singapore/places-to-see/kampong-glam-carousel01-rect-norender.jpg,"Delve into Malay culture at the heart of its community, Kampong Glam Singapore.", ,Kampong Glam & Malay Culture in Singapore,2015-10-22T12:28:04.683+08:00,1.30238,103.8595,3 Muscat Street, ,"Discover Kampong Glam's rich history, living traditions, excellent eateries and trendy shops in this vibrant neighbourhood.",http://www.kampongglam.org.sg/,"Discover the heart of Singaporestory, living traditions, excellent eateries and trendy shops in this vibrant neighbourhood.", ,CB22177613508D3F,9/1/2017 0:00,30913.7547,31636.0967
48,49,www.yoursingapore.com/en/see-do-singapore/arts/performance-arts/centre-for-contemporary-art.html,www.yoursingapore.com/content/dam/desktop/global/see-do-singapore/arts/afiq_omar_rect.jpg,"The Contemporary Arts Center hosts exhibitions, live performances, film screenings and talks by visiting artists and curators.",Courtesy of NTU CCA Singapore,Contemporary Arts Center,2015-10-20T12:34:59.810+08:00,1.275,103.8045,43 Malan Road, ,"This university arts research centre explores contemporary art through exhibitions, public programmes, residencies and research programmes.",http://www.ntu.ccasingapore.org/,The Contemporary Arts Center at the Nanyang Technological University uses a variety of medium to explore contemporary art.,"Tuesday to Sunday, 12pm nter at the Nanyang Technological University uses a variety of medium to explore contemporary art.",6A6F2B61ACBE12CB,9/1/2017 0:00,24792.7192,28608.5605
49,50,www.yoursingapore.com/en/see-do-singapore/arts/performance-arts/the-substation.html, , , ,"The Substation, Singapore Contemporary Art Centre",2015-10-20T12:32:55.819+08:00,1.2944,103.84934,45 Armenian Street, ,This experimental arts centre gives a space for contemporary artists to try out new concepts.,http://www.substation.org,The Substation is an experimental arts centre that gives a space for contemporary artists to try out new concepts.,"The Substation Box Office ,Monday to Friday, 12pm - 2pm and 5pm - 8pm.Saturday and Sunday, open an hour prior to weekend showtimes. Closed on public holidays.The Substation Gallery Daily, 12pm ],PARAMETER[""False_Easting"",28001.642],PARAMETER[""False_No",DC83F6C5F5008A06,9/1/2017 0:00,29783.0444,30753.6999
50,51,www.yoursingapore.com/en/see-do-singapore/arts/museums-galleries/red-dot-design-museum.html,www.yoursingapore.com/content/dam/desktop/global/see-do-singapore/arts/red-dot-design-museum-carousel01-rect.jpg,Award-winning exhibits at the Red Dot Design Museum in Singapore are sure to delight design fans.,Red Dot Museum,"Red Dot Design Museum, Singapore",2015-10-20T12:16:22.647+08:00,1.27828,103.84572,"28 Maxwell Road, Red Dot Traffic", ,"This museum holds more than 1,000 award-winning products, communications and concepts that will delight design fans.",http://museum.red-dot.sg,"The Red Dot Design Museum holds more than 1,000 products and items that are winners for their good design.","Monday - Friday, 11am eum holds more than 1,000 products and items that are winners for their good design.",ACB1EE06342F2F04,9/1/2017 0:00,29380.1786,28971.2313
51,52,www.yoursingapore.com/en/see-do-singapore/arts/museums-galleries/singapore-art-museum.html,www.yoursingapore.com/content/dam/desktop/global/see-do-singapore/arts/singapore-art-museum-carousel01-rect-norender.jpg,Get to know the works of contemporary artists around Southeast Asia at the Singapore Art Museum., ,Singapore Art Museum,2015-10-20T11:37:44.504+08:00,1.297424,103.851068,71 Bras Basah Road, ,Singapore Art Museum is Singaporerary artists around Southeast Asia at the Singapore Art Museum.,http://www.singaporeartmuseum.sg,The Singapore Art Museum houses the worldists around Southeast Asia at the Singapore Art Museum.,"Monday to Thursday, 10am houses the worldists around Southeast Asia at the Singapore Art Museum.",66C705DDEDD2F321,9/1/2017 0:00,29975.3532,31088.0796
52,53,www.yoursingapore.com/en/see-do-singapore/arts/performance-arts/esplanade-theatres-on-the-bay.html,www.yoursingapore.com/content/dam/desktop/global/see-do-singapore/arts/the-esplanade-carousel01-rect.jpg,"Get your dose of creativity at Esplanade Theatres on the Bay, Singapore's premier arts centre.","Mori Hidetaka, Courtesy of Esplanade ade Theatres on the Bay, Singapore's premier arts centre.",Esplanade Theatres on the Bay,2015-10-20T12:21:35.825+08:00,1.2898,103.85528,1 Esplanade Drive, ,Catch a non-stop line-up of world-class performances at Singaporegapore's premier arts centre.,http://www.esplanade.com/index.jsp,Esplanade Theatres on the Bay is the countryormances at Singaporegapore's premier arts centre.,"Box Office Opening Hours Daily, 12pm countryormances at Singaporegapore's premier arts centre.",1EDDE532D78631EC,9/1/2017 0:00,30444.1189,30245.0606
53,54,www.yoursingapore.com/en/see-do-singapore/arts/museums-galleries/national-design-centre.html,www.yoursingapore.com/content/dam/desktop/global/see-do-singapore/arts/national-design-centre-carousel01-rect.jpg,"Explore the wonderful world of design at the National Design Centre, Singapore.",National Design Centre,"National Design Centre, Singapore",2015-10-20T11:24:02.450+08:00,1.29882,103.85351,111 Middle Road, ,"The National Design Centre is the nexus for all things design. It hosts design exhibitions, events and programmes that will quicken the pulse of design lovers.",http://www.designsingapore.org/ndc/About_NDC.aspx,The National Design Centre is a design lover.aspx,"Daily, 9.00am esign Centre is a design lover.aspx",16BBEDDA2FDE3766,9/1/2017 0:00,30247.125,31242.4441
54,55,www.yoursingapore.com/en/see-do-singapore/arts/performance-arts/victoria-theatre-concert-hall.html,www.yoursingapore.com/content/dam/desktop/global/see-do-singapore/arts/victoria-theatre-concert-hall-caurousel01-rect.jpg,"Catch world-class performances at stunning venues, like The Victoria Theatre and Concert Hall.", ,Victoria Theatre Singapore,2015-10-22T09:40:49.148+08:00,1.28837,103.851641,11 Empress Place, ,"After a four-year refurbishment, the Victoria Theatre and Concert Hall has since reopened, with its first official concert held there in August 2014.",https://www.nac.gov.sg/arts-spaces/nac-arts-venues,The historic Victoria Theatre and Concert Hall has been transformed to meet the needs of a modern audience.,"Daily, 10am  Victoria Theatre and Concert Hall has been transformed to meet the needs of a modern audience.",46678220B68EA084,9/1/2017 0:00,30039.1304,30086.9353
55,56,www.yoursingapore.com/en/see-do-singapore/arts/museums-galleries/nus-museum.html,www.yoursingapore.com/content/dam/desktop/global/see-do-singapore/arts/nus-museum-carousel01-rect.jpg,"The NUS Museum in Singapore houses more than 8,000 exhibits that take you back to the past.", ,"NUS University Museum, Singapore",2015-10-20T11:32:34.809+08:00,1.3017749,103.7726864,"50 Kent Ridge Crescent, National University of Singapore", ,Get a deeper insight into Asian art and artefacts at this museum on the campus of the National University of Singapore.,http://www.nus.edu.sg/cfa/museum/,Get a deeper insight into Asian art and artefacts at NUS Museum at Singaporeus of the National University of Singapore.,"Tuesday to Friday, 10am o Asian art and artefacts at NUS Museum at Singaporeus of the National University of Singapore.",2F015A9E349662CD,9/1/2017 0:00,21252.1858,31569.254
56,57,www.yoursingapore.com/en/see-do-singapore/history/memorials/sun-yat-sen-memorial-hall.html,www.yoursingapore.com/content/dam/desktop/global/see-do-singapore/history/sun-yat-sen-memorial-hall-carousel01-rect.jpg,The Sun Yat Sen Memorial Hall pays tribute to the revolutionary leader.,Choo Yut Shing,Sun Yat Sen Memorial Hall,2015-10-26T14:46:02.086+08:00,1.32795,103.84692,12 Tai Gin Road, ,This revamped museum is a fitting tribute to the intriguing life and times of Chinese revolutionary leader Dr Sun Yat Sen.,http://www.sysnmh.org.sg,The Sun Yat Sen Memorial Hall is a fitting tribute to the intriguing life and times of Chinese revolutionary leader Dr Sun Yat Sen.,"Tuesday to Sunday, 10am  Hall is a fitting tribute to the intriguing life and times of Chinese revolutionary leader Dr Sun Yat Sen.",6AFBBDBC1816DD44,9/1/2017 0:00,29513.6993,34463.4849
57,58,www.yoursingapore.com/en/see-do-singapore/history/history-museums/asian-civilizations-museum.html,www.yoursingapore.com/content/dam/desktop/global/see-do-singapore/history/asian-civilizations-museum-carousel01-rect.jpg,"The Asian Civilizations Museum, Singapore is a historic building that tells the story of Asian civilisation.",National Heritage Board,Asian Civilisations Museum & Singapore Museum,2015-10-26T14:28:34.961+08:00,1.287384,103.851723,1 Empress Place, ,"Housed in a historical building by the Singapore River, this museum tells the stories of Asian civilisations through its permanent collections.",http://acm.org.sg/,"Housed in a historical building by the Singapore River, this museum is a microcosm of Asian civilisations spread over 11 galleries.","Saturday to Thursday, 10am ding by the Singapore River, this museum is a microcosm of Asian civilisations spread over 11 galleries.",F578549D97C6E722,9/1/2017 0:00,30048.2571,29977.9087
58,59,www.yoursingapore.com/en/see-do-singapore/nature-wildlife/parks-gardens/singapore-botanic-gardens.html,www.yoursingapore.com/content/dam/desktop/global/see-do-singapore/nature-wildlife/singapore-botanic-gardens-carousel01-rect.jpg, , ,Singapore Botanic Gardens,2015-10-02T15:27:52.272+08:00,1.31384,103.815914,1 Cluny Road, ,Singaporeoad,http://www.sbg.org.sg,Singaporew.sbg.org.sg,"Singapore Botanic Gardens Daily, 5am - 12am National Orchid Garden Daily, 8.30am - 7pm(last ticket sales at 6pm)Jacob Ballas Children's Garden Tuesday to Sunday, 8am - 7pm(last admission: 6.30pm)Closed every Monday (except when it falls on a designated p",6D2E9018B62DC124,9/1/2017 0:00,26063.0369,32903.2763
59,60,www.yoursingapore.com/en/see-do-singapore/nature-wildlife/fun-with-animals/singapore-zoo.html,www.yoursingapore.com/content/dam/desktop/global/see-do-singapore/nature-wildlife/singapore-zoo-carousel04-rect.jpg,The award-winning Singapore Zoo lets you see your favourite animals in all their natural wonder.,Wildlife Reserves Singapore,Singapore Zoo: Attractions & Things to Do,2015-09-22T09:45:21.173+08:00,1.404348,103.793023,80 Mandai Lake Road, ,Singapore Lake Road,http://www.zoo.com.sg,Catch animals in their natural habitats at the award-winning Singapore Zoo.,"Daily, 8.30am in their natural habitats at the award-winning Singapore Zoo.",5372CE1F30B3B4BF,9/1/2017 0:00,23515.6546,42911.2213
60,61,www.yoursingapore.com/en/see-do-singapore/nature-wildlife/fun-with-animals/river-safari-singapore.html,www.yoursingapore.com/content/dam/desktop/global/see-do-singapore/nature-wildlife/river-safari-singapore-carousel01-rect.jpg,"Meet manatees, monkeys and more as you ride the world's rivers at River Safari, Singapore.", ,River Safari Singapore,2015-09-22T10:33:35.047+08:00,1.403732,103.789423,80 Mandai Lake Road, ,"At the River Safari Singapore, meet manatees and monkeys, piranhas and pandas, as they congregate in and around the park.jpg",http://www.riversafari.com.sg,The River Safari Singapore is a fascinating new wildlife park that recreates life in and around the worldaround the park.jpg,"Daily, 10am - 7pm",7A36215ED26BB17C,9/1/2017 0:00,23115.0226,42843.1142
61,62,www.yoursingapore.com/en/see-do-singapore/nature-wildlife/parks-gardens/mount-faber.html,www.yoursingapore.com/content/dam/desktop/global/see-do-singapore/nature-wildlife/mount-faber-carouse01-rect.jpg,Spend a unique evening overlooking spectacular views on a cable car in Singapore's Mount Faber., ,Cable Car Singapore & Mount Faber,2015-10-02T15:13:15.155+08:00,1.2713746,103.8192057,109 Mount Faber Road,0,Getting to this hilltop dining and entertainment spot at Mount Faber by cable car  is half the fun.,http://www.mountfaber.com.sg/,Getting to the hilltop dining and entertainment spot at Mount Faber by cable car is half the fun., ,1142A9F2DCFFF3BE,9/1/2017 0:00,26429.3455,28207.6688
62,63,www.yoursingapore.com/en/see-do-singapore/nature-wildlife/fun-with-animals/night-safari.html,www.yoursingapore.com/content/dam/desktop/global/see-do-singapore/nature-wildlife/night-safari-carousel01-rect.jpg,"Enter a world of nocturnal creatures at the Night Safari, Singapore.", ,"Night Safari, Singapore",2015-10-02T15:15:50.135+08:00,1.402187,103.788061,80 Mandai Lake Road, ,"Instead of going to a club, pop into another popular nightspot, the Night Safari, and mingle with a different crowd of animals at this special zoo.",http://www.nightsafari.com.sg,Head to the Night Safari for an after dark visit to the weird and wonderful creatures of the night.,"Daily, 7.30pm - 12am .Last ticket sale at 11.15pm.F and B and retail outlets open from 5.30pm",08756E67E54BAF91,9/1/2017 0:00,22963.4473,42672.2788
63,64,www.yoursingapore.com/en/see-do-singapore/nature-wildlife/singapore-islands/pulau-ubin.html, , , ,Pulau Ubin & Singapore Islands,2015-10-02T15:18:44.241+08:00,1.4137409,103.9592605,Pulau Ubin,0,"Gravel roads, lush forests and abundant wildlife wildlife/singapore-islands/pulau-ubin.html",http://www.nparks.gov.sg/cms/index.php?option=com_visitorsguide&task=parks&id=29&Itemid=73,"Hop on a bumboat to the island of Pulau Ubin if you want a taste of nature and rustic village life, away from the hustle and bustle of Singapore.", ,1F6EDE4F44A8937C,9/1/2017 0:00,42015.5629,43950.182
64,65,www.yoursingapore.com/en/see-do-singapore/places-to-see/little-india.html,www.yoursingapore.com/content/dam/desktop/global/see-do-singapore/places-to-see/little-india-carousel01-rect.jpg,"Immerse yourself in the rich culture of Little India, Singapore.", ,Little India Singapore: History & Culture,2015-10-12T15:10:33.979+08:00,1.30723,103.84982,60 Bukit Timah Road, ,Little India is a buzzing historic area that shows off the best of Singaporesee/little-india-carousel01-rect.jpg,http://www.littleindia.com.sg/,Little India is a buzzing historic district that shows off the best of Singaporelittle-india-carousel01-rect.jpg, ,DA42B5D8A31A6643,9/1/2017 0:00,29836.4549,32172.3757
65,66,www.yoursingapore.com/en/see-do-singapore/places-to-see/orchard.html,www.yoursingapore.com/content/dam/desktop/global/see-do-singapore/places-to-see/orchard-carousel01-rect.jpg,"Orchard Road, Singapore is nothing short of a shopper's paradise.",Goh Hak Liang,"Orchard Road, Singapore: Asia's Most Famous Shopping Street",2015-10-14T14:29:19.486+08:00,1.30429,103.83249,437 Orchard Road, ,"Orchard Road, Asia2",http://www.orchardroad.org/,Donp://www.orchardroad.org/, ,4D2D3EC58531B990,9/1/2017 0:00,27907.7867,31847.2796
66,67,www.yoursingapore.com/en/see-do-singapore/nature-wildlife/reserves/macritchie-nature-reserve.html,www.yoursingapore.com/content/dam/desktop/global/see-do-singapore/nature-wildlife/macritchie-nature-reserve-carousel01-rect.jpg,MacRitchie Reservoir is naturedam/desktop/global/see-do-singapore/nature-wildlife/macritchie-nature-reserve-carousel01-rect.jpg, ,MacRitchie Singapore & Singapore Nature Reserve,2015-10-15T18:52:17.740+08:00,1.344843,103.822346,MacRitchie Reservoir Park, ,The attractions around MacRitchie Reservoir is a playground of nature for those who love the outdoors.,http://www.nparks.gov.sg/cms/macritchie.php?option=com_visitorsguide&task=naturereserves&id=49&Itemid=75,"The attractions around MacRitchie Reservoir caters to fitness fanatics, water sports enthusiasts and nature lovers.", ,DDB5957EB3AA5260,9/1/2017 0:00,26778.8722,36331.425
67,68,www.yoursingapore.com/en/see-do-singapore/nature-wildlife/parks-gardens/gardens-by-the-bay.html,www.yoursingapore.com/content/dam/desktop/global/see-do-singapore/nature-wildlife/gardens-by-the-bay-carousel02-rect.jpg,Be mesmerised by stunning waterfront views at the award-winning horticultural destination that is Gardens by the Bay.,Derrick See,Gardens by the Bay,2015-10-19T15:26:06.746+08:00,1.281568,103.863613,18 Marina Gardens Drive, ,"This sprawling garden in the city provides mesmerising waterfront views across three gardens, spanning over 101 hectares of reclaimed land.",http://www.gardensbythebay.com.sg/en/home.html,"Gardens by the Bay provides mesmerising waterfront views across three gardens, spanning over 101 hectares of reclaimed land.","Bay South Outdoor Gardens Daily, 5am - 2am Cooled Conservatories and OCBC Skyway Daily, 9am - 9pm(last ticket sale at 8pm).Far East Organization Children's Garden Tuesday* to Friday, 10am - 7pm(last admission: 6.30pm)*Closed on Tuesday if a public holida",FA494CA60D7D5D19,9/1/2017 0:00,31371.5217,29334.818
68,69,www.yoursingapore.com/en/see-do-singapore/places-to-see/civic-district.html,www.yoursingapore.com/content/dam/desktop/global/see-do-singapore/places-to-see/civic-district-carousel01-rect.jpg,"Immerse yourself in a day of history and culture at the Civic District, Singapore.", ,"Civic District, Singapore",2015-10-13T14:04:28.278+08:00,1.29324,103.85222,150 North Bridge Road, ,"The Civic District is where Singaporeand culture at the Civic District, Singapore.", ,"The Civic District is where Singaporeand culture at the Civic District, Singapore.", ,6F2AF7883CCFE4D6,9/1/2017 0:00,30103.5641,30625.4353
69,70,www.yoursingapore.com/en/see-do-singapore/places-to-see/harbourfront.html,www.yoursingapore.com/content/dam/desktop/global/see-do-singapore/places-to-see/harbourfront-carousel01-rect.jpg,"HarbourFront, Singapore is your exciting gateway to entertainment and Singapore's outlying islands.",St. James Holdings Ltd,"HarbourFront, Singapore",2015-10-12T15:30:50.116+08:00,1.26532,103.82057,81 Telok Blangah Road, ,"HarbourFront is the place to go if you're hopping on a cruise from Singapore, taking a regional ferry or simply want to eat, shop or relax.",http://www.shba.org.sg/,"HarbourFront is the place to go if you're hopping on a cruise from Singapore, taking a ferry to the outlying islands or simply want to eat, shop or relax.", ,A36249B1D464358B,9/1/2017 0:00,26581.1783,27538.1818
70,71,www.yoursingapore.com/en/see-do-singapore/places-to-see/bras-basah-bugis.html,www.yoursingapore.com/content/dam/desktop/global/see-do-singapore/places-to-see/bras-basah-bugis-carousel01-rect.jpg,Thereoursingapore.com/content/dam/desktop/global/see-do-singapore/places-to-see/bras-basah-bugis-carousel01-rect.jpg, ,"Bras Basah.Bugis, Singapore Cultural District",2015-10-12T15:34:32.303+08:00,1.30069,103.85624,220 Victoria Street, ,"The Bras Basah.Bugis Precinct is the arts and heritage district in Singapore's civic centre, and home to museums and monuments.",http://www.brasbasahbugis.sg/,"The Bras Basah.Bugis Precinct is the vibrant arts and cultural district in the heart of Singapore's civic centre, and home to top museums and monuments.", ,AFF0646A9479E678,9/1/2017 0:00,30550.9479,31449.2216
71,72,www.yoursingapore.com/en/see-do-singapore/arts/museums-galleries/8q-sam.html,www.yoursingapore.com/content/dam/desktop/global/see-do-singapore/arts/8q-sam-carousel01-rect.jpg,SAM at 8Q is the funkier sister of the Singapore Art Museum.,8Q at SAM,SAM at 8Q & Singapore Art Museum,2015-11-02T18:22:04.494+08:00,1.29731,103.85168,8 Queen Street, ,"An extension of the Singapore Art Museum, SAM at 8Q features contemporary art exhibitions and is home to a Moving Image Gallery, where film screenings are held.", ,SAM at 8Q at the Singapore Art Museum showcases the works of Singapore contemporary artists.,"Monday to Thursday, 10am e Art Museum showcases the works of Singapore contemporary artists.",BFCC9FFFED1EC200,9/1/2017 0:00,30043.4636,31075.4746
72,73,www.yoursingapore.com/en/see-do-singapore/beyond-singapore.html,www.yoursingapore.com/content/dam/desktop/global/see-do-singapore/beyond-singapore/beyond-singapore-carousel01-rect.jpg, , ,Cruises from Singapore,2015-11-03T14:54:39.639+08:00,0,0, ,0,"Watch the Singapore skyline disappear from view as you sail away into the horizon. As the gateway to Southeast Asia and the world, Singapore is the choice homeport of numerous cruise lines.", ,"Take these luxurious cruise liners from Singapore and visit lush tropical rainforests, colourful open air markets, mystifying ancient cities and white sand beaches.", ,BE271D2BD630CE77,9/1/2017 0:00,0,0
73,74,www.yoursingapore.com/en/see-do-singapore/culture-heritage/places-of-worship/jamae-mosque.html,www.yoursingapore.com/content/dam/desktop/global/see-do-singapore/culture-heritage/jamae-mosque-carousel01-rect.jpg,The Jamae Mosque in Singapore is one of the oldest mosques in Singapore., ,Jamae Mosque (Masjid Chulia) Singapore,2015-11-03T10:25:29.354+08:00,1.28311,103.84554,218 South Bridge Road, ,"Also known as Masjid Chulia, Jamae Mosque is one of Singapore Singapore.",http://www.masjidjamaechulia.sg/,Jamae Mosque (or Masjid Chulia) is one of Singapore Singapore Singapore.,Daily,A3B7A326E3EB2A55,9/1/2017 0:00,29360.1435,29505.3077
74,75,www.yoursingapore.com/en/see-do-singapore/arts/performance-arts/institute-of-contemporary-arts.html,www.yoursingapore.com/content/dam/desktop/global/see-do-singapore/arts/institute-for-contemporary-art-carousel01-rect.jpg,"Be inspired by the architecture and creativity at the Institute of Contemporary Arts, Singapore.", ,Institute of Contemporary Arts Singapore,2015-11-03T14:00:10.125+08:00,1.3029,103.8516,"LASALLE College of the Arts, 1 McNally Street", ,This experimental art space housed in a tertiary arts college will help you deepen your understanding of contemporary art.,https://www.lasalle.edu.sg/ICAS/About-ICAS,"Housed in a tertiary arts college, the Institute of Contemporary Arts Singapore will help you deepen your appreciation for experimental artworks.","Tuesday to Sunday, 12pm - 7pm, Closed on Monday and public holidays",C3B4EB773B2F2888,9/1/2017 0:00,30034.5559,31693.5879
75,76,www.yoursingapore.com/en/see-do-singapore/recreation-leisure/viewpoints/singapore-flyer.html,www.yoursingapore.com/content/dam/desktop/global/see-do-singapore/recreation-leisure/singapore-flyer-carousel01-rect-norender.jpg,Marvel at spectacular panoramas of the city skyline from the Singapore Flyer.,Singapore Flyer,Singapore Flyer,2015-11-03T17:55:41.364+08:00,1.289299,103.863137,30 Raffles Avenue, ,"This giant observation wheel offers 360-degree city views, a panorama that stretches to parts of Malaysia and Indonesia on a clear day.",http://www.singaporeflyer.com,"The Singapore Flyer not only offers you stunning views of the city, but is one of the cityrts of Malaysia and Indonesia on a clear day.","Daily, 8.30am - 10.30pm, (last admission: 10.15pm)",C05557DE7EEF2690,9/1/2017 0:00,31318.5367,30189.6714
76,77,www.yoursingapore.com/en/see-do-singapore/architecture/modern/marina-bay-sands.html,www.yoursingapore.com/content/dam/desktop/global/see-do-singapore/architecture/marina-bay-sands-carousel01-rect.jpg,The breathtaking Marina Bay Sands is a sheer modern architectural triumph., ,Marina Bay Sands®,2015-11-02T09:44:49.007+08:00,1.283456,103.86081,10 Bayfront Avenue, ,"A feat of engineering, an architectural statement and a sheer aesthetic triumph, Marina Bay Sands<sup>®</sup> has upped the ante for buildings in Singapore.",http://www.marinabaysands.com,"Superlatives naturally spring to mind when beholding Marina Bay Sands®. Its bold, swooping curves, steep slopes, and soaring spaces defy gravity and evoke awe.","SkyPark<sup® Operating Hours - Monday to Thursday, 9:30am a Bay Sands®. Its bold, swooping curves, steep slopes, and soaring spaces defy gravity and evoke awe.",7331E4DE918716B1,9/1/2017 0:00,31059.5684,29543.5798
77,78,www.yoursingapore.com/en/see-do-singapore/architecture/modern/marina-barrage.html,www.yoursingapore.com/content/dam/desktop/global/see-do-singapore/architecture/marina-barrage-carousel01-rect.jpg,"More than just an ordinary dam, the Marina Barrage is an ideal recreational space.",Public Utilities Board,Marina Barrage,2015-11-02T09:24:23.885+08:00,1.28063,103.87159,8 Marina Gardens Drive, ,This innovative facility not only supplies water to Singaporeans and helps alleviate floods but also doubles up as a place for family fun.,https://www.pub.gov.sg/marinabarrage,The Marina Barrage not only supplies water to Singaporeans and helps alleviate floods but also doubles up as a place for family fun.,"Marina Barrage - All day  Information Counter Daily, 9am s and helps alleviate floods but also doubles up as a place for family fun.",440F954B01E14F36,9/1/2017 0:00,32259.2983,29231.1107
78,79,www.yoursingapore.com/en/see-do-singapore/architecture/modern/henderson-waves.html,www.yoursingapore.com/content/dam/desktop/global/see-do-singapore/architecture/henderson-waves-carousel01-rect.jpg,Explore some of the cityntent/dam/desktop/global/see-do-singapore/architecture/henderson-waves-carousel01-rect.jpg,Andrew Tan,Henderson Waves Bridge,2015-11-02T09:47:06.929+08:00,1.2762425,103.8152539,Henderson Road,0,Lush jungle is broken up with a seriously creative twist in the fantastic form of the Henderson Waves bridge.,http://www.nparks.gov.sg,"With the Henderson Waves bridge, form meets function to stunning effect.","Daily, 24 hours",56F60ECCB016AE60,9/1/2017 0:00,25989.5445,28745.9388
79,80,www.yoursingapore.com/en/see-do-singapore/nature-wildlife/reserves/labrador-nature-reserve.html,www.yoursingapore.com/content/dam/desktop/global/see-do-singapore/nature-wildlife/labrador-nature-reserve-carousel01-rect.jpg,Labrador Nature Reserve in Singapore is a beautiful park that is rich with biodiversity.,National Parks Board,Labrador Nature Reserve,2015-03-30T12:57:27.648+08:00,1.265833,103.801944,Labrador Villa Road, ,"With its rich biodiversity and war relics, nature lovers and history enthusiasts will find plenty to do at Labrador Nature Reserve.",http://www.nparks.gov.sg/cms/index.php?option=com_visitorsguide&task=naturereserves&id=48,"With its rich biodiversity and war relics, nature lovers and history enthusiasts will find plenty to do at Labrador Nature Reserve.", ,DF0BE5AB0C7698B5,9/1/2017 0:00,24508.2441,27594.9243
80,81,www.yoursingapore.com/en/see-do-singapore/places-to-see/marina-bay-area.html,www.yoursingapore.com/content/dam/desktop/global/see-do-singapore/places-to-see/marina-bay-area-carousel01-rect.jpg,Marina Bay Sands® is an integrated resort with experiences like no other., ,Marina Bay Singapore: Attractions & Things to do,2015-07-23T09:42:57.583+08:00,1.2802848,103.856454,11 Marina Boulevard, ,"Marina Bay represents all things modern and super-stylish, from trendy dining destinations to exciting leisure spots.",http://www.marina-bay.sg,"Marina Bay represents all things modern and super-stylish in Singapore, from trendy dining destinations to fun leisure spots.", ,5AD21888722F3184,9/1/2017 0:00,30574.7846,29192.92
81,82,www.yoursingapore.com/en/see-do-singapore/recreation-leisure/resorts/marina-bay-sands.html,www.yoursingapore.com/content/dam/desktop/global/see-do-singapore/recreation-leisure/marina-bay-sands-carousel01-rect.jpg, , ,"Marina Bay Sands, Singapore",2015-09-01T15:35:42.052+08:00,1.2838785,103.85899,10 Bayfront Avenue, ,"This iconic integrated resort boasts luxury accommodations, upscale shopping and an infinity pool with unparalleled views of the city.",http://www.marinabaysands.com/index.html,"Marina Bay Sands® boasts luxury accommodations, upscale shopping and an infinity pool with unparalleled views of the city.",Opening hours varies. Please visit the official website for more information.,DACF0BC7DBD1F3ED,9/1/2017 0:00,30857.017,29590.2956
82,83,www.yoursingapore.com/en/see-do-singapore/nature-wildlife/reserves/chek-jawa.html,www.yoursingapore.com/content/dam/desktop/global/see-do-singapore/nature-wildlife/chek-jawa-carousel03-rect-norender.jpg,Bird lovers can spot rare species from a 21-metre tall viewing tower at Chek Jawa.,National Parks Board,Chek Jawa,2015-09-07T14:06:03.482+08:00,1.407866,103.96371,"Chek Jawa, Pulau Ubin",0,"A world away from shopping malls and glitzy hotels, this natural wonder is one of Singapore-carousel03-rect-norender.jpg",https://www.nparks.gov.sg/gardens-parks-and-nature/parks-and-nature-reserves/pulau-ubin-and-chek-jawa/what-to-see/about-chek-jawa,"A world away from shopping malls and glitzy hotels, the natural wonder of Chek Jawa is one of Singaporehat-to-see/about-chek-jawa", ,FBA8545CF13B27A4,9/1/2017 0:00,42510.7668,43300.5908
83,84,www.yoursingapore.com/en/see-do-singapore/recreation-leisure/viewpoints/merlion-park.html,www.yoursingapore.com/content/dam/desktop/global/see-do-singapore/recreation-leisure/merlion-park-skypark-carousel01-rect.jpg,Come and see the Singapore icon that is half-fish and half-lion at the Merlion Park., ,"Merlion Park, Singapore: Attractions & Things to Do",2015-10-06T17:28:25.792+08:00,1.286862,103.854552,One Fullerton, ,"Half-fish and half-lion, the iconic Merlion resides at the waterfront Merlion Park.", ,"Merlion Park houses a Singapore icon that is half-fish and half-lion, and famous throughout the world.", ,AD52332D06E3A687,9/1/2017 0:00,30363.1014,29920.191
84,85,www.yoursingapore.com/en/see-do-singapore/recreation-leisure/viewpoints/marina-bay-sands-skypark.html,www.yoursingapore.com/content/dam/desktop/global/see-do-singapore/recreation-leisure/marina-bay-sands-skypark-carousel01-rect.jpg,Take in stunning views from an infinity pool and observation deck in the clouds at the Marina Bay Sands SkyPark.,Andrew Tan,Marina Bay Sands® SkyPark,2015-09-28T18:27:45.210+08:00,1.283456,103.86081,"Level 57, 10 Bayfront Avenue", ,"The Marina Bay Sands<sup>®</sup> SkyPark is a roof like no other, perched 200 metres in the air with an infinity pool and observation deck in the clouds.",http://www.marinabaysands.com/sands-skypark.html,"The Marina Bay Sands<sup>®</sup> SkyPark is a roof like no other, perched 200 metres in the air with an infinity pool and observation deck in the clouds.","Monday to Thursday, 9.30am - 10pm.Friday to Sunday, 9.30am - 11pm",7331E4DE725ACB11,9/1/2017 0:00,31059.5684,29543.5798
85,86,www.yoursingapore.com/en/see-do-singapore/recreation-leisure/resorts/resorts-world-sentosa.html,www.yoursingapore.com/content/dam/desktop/global/see-do-singapore/recreation-leisure/resorts-world-sentosa-carousel01-rect.jpg,"From world-class theme parks to celebrity restaurants, Resorts World Sentosa has it all.",Resort World Sentosa,"Resorts World Sentosa, Singapore",2015-09-28T18:21:18.109+08:00,1.25675,103.82033,"8 Sentosa Gateway, Sentosa Island", ,Experience endless excitement at Resorts World Sentosa with a variety of attractions and entertainment hot spots.,http://www.rwsentosa.com,Whether it.rwsentosa.com,Opening hours differ for the various attractions.,97EC9874CBC2984E,9/1/2017 0:00,26554.4633,26590.5558
86,87,www.yoursingapore.com/en/see-do-singapore/nature-wildlife/parks-gardens/the-southern-ridges.html,www.yoursingapore.com/content/dam/desktop/global/see-do-singapore/recreation-leisure/resorts-world-sentosa-carousel01-rect.jpg,"From world-class theme parks to celebrity restaurants, Resorts World Sentosa has it all.",Resort World Sentosa,Singapore Garden & Singapore Park,2015-09-09T09:59:33.518+08:00,1.280569,103.817589,"Henderson Road, Mount Faber Park, Telok Blangah Hill Park", ,This 10-km stretch of connecting trails lets you walk among the trees to observe a wide variety of flora and fauna in their natural habitat., ,The Southern Ridges is a 10-km stretch of connecting trails which lets you walk among the trees to observe a wide variety of flora and fauna in their natural habitat., ,39CD82A0379D4F2E,9/1/2017 0:00,26249.4255,29224.3391
87,88,www.yoursingapore.com/en/see-do-singapore/nature-wildlife/reserves/sungei-buloh-wetland-reserve.html,www.yoursingapore.com/content/dam/desktop/global/see-do-singapore/nature-wildlife/the-southern-ridges-carousel01-rect.jpg,Get up close with a wide variety of flora and fauna in their natural habitat at this Singapore Garden.,National Parks Board,Sungei Buloh,2015-10-02T15:32:19.572+08:00,1.44672,103.730149,301 Neo Tiew Crescent, ,This ecological wonder will transport you into a world rich in animal and plant life.,https://www.nparks.gov.sg/sbwr,The ecological wonder of Sungei Buloh will transport you into a world rich in animal and plant life., ,EED34843F02C6863,9/1/2017 0:00,16518.8453,47596.7259
88,89,www.yoursingapore.com/en/see-do-singapore/nature-wildlife/fun-with-animals/sea-aquarium.html,www.yoursingapore.com/content/dam/desktop/global/see-do-singapore/nature-wildlife/sungei-buloh-wetland-reserve-carousel01-rect.jpg,Explore a world rich with animal and plant life at the Sungei Buloh Wetland Reserve., ,S.E.A. Aquarium,2015-10-02T15:23:07.822+08:00,1.2573549,103.8194932,"8 Sentosa Gateway, Sentosa Island", ,Immerse yourself underwater at the S.E.A. Aquarium the Sungei Buloh Wetland Reserve.,http://www.rwsentosa.com/language/en-US/Homepage/Attractions/MarineLifePark,Immerse yourself underwater at the S.E.A. Aquariumttractions/MarineLifePark,Open daily at 10am.Closing time varies. Please visit the official website for more information.,504E99BC0FDD6619,9/1/2017 0:00,26461.3339,26657.443
89,90,www.yoursingapore.com/en/see-do-singapore/places-to-see/singapore-river.html,www.yoursingapore.com/content/dam/desktop/global/see-do-singapore/places-to-see/singapore-river-carousel01-rect.jpg,Take a stroll along the Singapore River and see how the city came to be., ,Singapore River: History & Culture Tours,2015-10-12T15:16:52.053+08:00,1.28848,103.84676,10 Eu Tong Sen Street, ,"Get to know historic Singapore River and its famous quays: Boat Quay, Clarke Quay and Robertson Quay. After all, this is where it all began.",http://singapore-river.com/,"Get to know the historic Singapore River and its famous quays: Boat Quay, Clarke Quay and Robertson Quay. This, after all, is where it all began.", ,43818DD77EF103C0,9/1/2017 0:00,29495.9162,30099.0953
90,91,www.yoursingapore.com/en/see-do-singapore/places-to-see/joochiat-katong.html,www.yoursingapore.com/content/dam/desktop/global/see-do-singapore/places-to-see/joochiat-katong-carousel01-rect.jpg,Spend a day exploring heritage shophouses and quaint stores at Joo Chiat/Katong., ,Joo Chiat/Katong: Singapore Peranakan Neighbourhood,2015-10-12T15:49:21.359+08:00,1.30589,103.90448,113 East Coast Road, ,"Discover Peranakan culture as you stroll past heritage shophouses, quaint stores and eateries in this charming corner of eastern Singapore.", ,"Discover Peranakan culture as you stroll past heritage shophouses, quaint stores and eateries in Joo Chiat/Katong, a charming corner of eastern Singapore.", ,C320AD45AD17F6CE,9/1/2017 0:00,35919.6114,32024.3114
91,92,www.yoursingapore.com/en/see-do-singapore/places-to-see/sentosa.html,www.yoursingapore.com/content/dam/desktop/global/see-do-singapore/places-to-see/sentosa-carousel01-rect-norender.jpg,"Get ready for laughs, thrills and loads of fun in the sun at Sentosa Island.", ,"Sentosa Island, Singapore: Leisure & Attractions",2015-10-12T15:13:28.117+08:00,1.24883,103.82809,33 Allanbrooke Road, ,Sentosa Island is Singapore00,http://www.sentosa.com.sg,Sentosa Island is Singapore00, ,82152B05319F78C4,9/1/2017 0:00,27418.0944,25714.8003
92,93,www.yoursingapore.com/en/see-do-singapore/places-to-see/chinatown.html,www.yoursingapore.com/content/dam/desktop/global/see-do-singapore/places-to-see/chinatown-carousel01-rect.jpg,"Chinatown, Singapore is a bustling mix of old-world charm and modern delights.", ,Chinatown Singapore: History & Culture,2015-10-12T14:54:36.802+08:00,1.2817,103.843771,2 Banda Street, ,Singaporetreet,http://www.chinatown.sg/,Singaporew.chinatown.sg/, ,357ABB3D644A29BE,9/1/2017 0:00,29163.269,29349.3962
93,94,www.yoursingapore.com/en/see-do-singapore/culture-heritage/places-of-worship/buddha-tooth-relic-temple-museum.html, , , ,Buddha Tooth Relic Temple & Museum in Singapore,2015-11-02T10:18:49.556+08:00,1.28162,103.84438,288 South Bridge Road, ,This Tang-styled Chinese Buddhist temple in Chinatown gets its name from what the Buddhists regard as the Sacred Buddha Tooth Relic.,http://www.btrts.org.sg/,The Buddha Tooth Relic Temple & Museum is a Tang-styled Chinese Buddhist temple in Chinatown that gets its name from the Sacred Buddha Tooth Relic.,"Daily, 7am Tooth Relic Temple & Museum is a Tang-styled Chinese Buddhist temple in Chinatown that gets its name from the Sacred Buddha Tooth Relic.",60351D8420176D9C,9/1/2017 0:00,29231.0456,29340.5505
94,95,www.yoursingapore.com/en/see-do-singapore/arts/museums-galleries/national-gallery-singapore.html,www.yoursingapore.com/content/dam/desktop/global/see-do-singapore/arts/1095-national-gallery-singapore-carousel-01-rec.jpg, ,©Darren Soh/National Gallery,National Gallery Singapore,2015-10-23T18:03:40.939+08:00,1.290141,103.851356,1 St Andrew's Road, ,Take in the region,http://www.nationalgallery.sg,Take in the regionlgallery.sg,"Effective from 24 November 2015, Sunday to Thursday and  public holidays,10am - 7pm ,Friday to Saturday and  eve of public holidays, 10am - 10pm",F78C1C13360F524A,9/1/2017 0:00,30007.4108,30282.7631
95,96,www.yoursingapore.com/en/see-do-singapore/recreation-leisure/fun-things-to-do/universal-studios-singapore.html,www.yoursingapore.com/content/dam/desktop/global/see-do-singapore/recreation-leisure/universal-studios-singapore-carousel01-rect.jpg,Southeast Asia's first Hollywood movie theme park offers a dizzying selection of entertainment offerings., ,Universal Studios Singaporeywood movie theme park offers a dizzying selection of entertainment offerings.,2015-09-29T15:30:43.563+08:00,1.254042,103.823808,"8 Sentosa Gateway, Sentosa Island", ,Step into the glamorous world of movies at this world-class theme park located within Resorts World Sentosaapore-carousel01-rect.jpg,http://www.rwsentosa.com/language/en-US/Homepage/Attractions/UniversalStudiosSingapore,Universal Studios Singaporenguage/en-US/Homepage/Attractions/UniversalStudiosSingapore,Open daily at 10am.Closing time varies. Please visit the official website for more information.,2CEF397B4E9D81C5,9/1/2017 0:00,26941.5389,26291.1174
96,97,www.yoursingapore.com/en/see-do-singapore/recreation-leisure/fun-things-to-do/science-centre.html, ,Adults and kids of all ages who are not even science buffs will have fun at the Singapore Science Centre., ,Singapore Science Centre,2015-09-22T10:24:38.376+08:00,1.33295,103.735872,15 Science Centre Road, ,This enlightening attraction holds the largest collection of educational materials devoted to science in Singapore.,http://www.science.edu.sg/Pages/SCBHome.aspx,Singapore Science Centre holds the largest collection of educational materials devoted to science in the country.,"Science Centre Singapore Daily, 10am rgest collection of educational materials devoted to science in the country.",6BA91589CAD5F3C9,9/1/2017 0:00,17155.207,35016.5698
97,98,www.yoursingapore.com/en/see-do-singapore/culture-heritage/heritage-discovery/fuk-tak-chi-museum.html,www.yoursingapore.com/content/dam/desktop/global/see-do-singapore/culture-heritage/fuk-tak-chi-carousel02-rect.jpg,Marvel at the Fuk Tak Chi Museum's carefully restored architecture in the heart of Chinatown.,Joel Chua DY,Fuk Tak Chi Museum & Places of Interest,2015-09-08T15:13:53.486+08:00,1.28292,103.84887,76 Telok Ayer Street, ,Fuk Tak Chi Museum was once the oldest Chinese temple in Singapore and is an elegant example of restored architecture in Chinatown.,http://www.fareastsquare.com.sg/home/index.aspx?key=fuktakchimuseum,Fuk Tak Chi Museum was once the oldest Chinese temple in Singapore and is an elegant example of restored architecture in Chinatown.,"Daily, 10am Museum was once the oldest Chinese temple in Singapore and is an elegant example of restored architecture in Chinatown.",697FB4131D466CAF,9/1/2017 0:00,29730.7451,29484.3004
98,99,www.yoursingapore.com/en/see-do-singapore/culture-heritage/heritage-discovery/katong-antique-house.html,www.yoursingapore.com/content/dam/desktop/global/see-do-singapore/culture-heritage/katong-antique-house-carousel01-rect.jpg,Marvel at antiques and heirlooms worthy of any museum collection at the Katong Antique House., ,Katong Antique House Singapore: Peranakan Heritage,2015-09-08T14:39:06.950+08:00,1.30726,103.90714,208 East Coast Road, ,"Step into this fully restored bona fide Peranakan family home, and admire the many antiques and heirlooms worthy of any museum collection.", ,"Step into this fully restored bona fide Peranakan family home, and admire the many antiques and heirlooms worthy of any museum collection.","Daily, 11am is fully restored bona fide Peranakan family home, and admire the many antiques and heirlooms worthy of any museum collection.",EEE9BA07393BE752,9/1/2017 0:00,36215.6407,32175.8076
99,100,www.yoursingapore.com/en/see-do-singapore/nature-wildlife/parks-gardens/chinese-garden.html,www.yoursingapore.com/content/dam/desktop/global/see-do-singapore/nature-wildlife/chinese-garden-carousel01-rect.jpg,"Step back in time to ancient China at the beautiful Chinese Garden, Singapore.",Vincent Chong,Chinese Garden Singapore,2015-10-02T11:19:38.384+08:00,1.338611,103.73,1 Chinese Garden Road, ,A tranquil patch of imperial China in the west of Singapore is pleasant respite from the bustle of the city.,http://www.nhb.gov.sg/resources/virtual-exhibitions-and-tours/walking-through-heritage/chinese-garden,A tranquil patch of imperial China in the west of Singapore is pleasant respite from the bustle of the city.,"Daily, 6am patch of imperial China in the west of Singapore is pleasant respite from the bustle of the city.",F6B5F576D5EBDFC7,9/1/2017 0:00,16501.7399,35642.5618
100,101,www.yoursingapore.com/en/see-do-singapore/nature-wildlife/parks-gardens/east-coast-park.html,www.yoursingapore.com/content/dam/desktop/global/see-do-singapore/nature-wildlife/east-coast-park-carousel03-rect.jpg,"Whether you prefer water sports, rollerblading or cycling, find a myriad of things to do at East Coast Park, Singapore.",Joel Chua DY,East Coast Park Singapore,2015-10-02T14:29:32.607+08:00,1.300784,103.912187,Along East Coast Parkway and East Coast Park Service Road,0,"With so many attractions packed into this 15-km stretch of beaches, youd of things to do at East Coast Park, Singapore.",http://www.nparks.gov.sg/cms/index.php?option=com_visitorsguide&task=parks&id=14&Itemid=371,"With so many attractions packed into the 15-km stretch of beaches at East Coast Park, you71", ,7857B89E1D54DD1E,9/1/2017 0:00,36777.3479,31459.7412
101,102,www.yoursingapore.com/en/see-do-singapore/nature-wildlife/parks-gardens/fort-canning-park.html,www.yoursingapore.com/content/dam/desktop/global/see-do-singapore/nature-wildlife/fort-canning-park-carousel01-rect.jpg,"Take a stroll back in time at Fort Canning Park, Singapore - a landmark full of history.",Joel Chua DY,Fort Canning Park,2015-10-02T14:32:42.018+08:00,1.295382,103.846509,"Bounded by Hill Street, Canning Rise, Clemenceau Avenue and River Valley Road", ,"Whether youHill Street, Canning Rise, Clemenceau Avenue and River Valley Road",http://www.nparks.gov.sg/cms/index.php?option=com_visitorsguide&task=parks&id=16Th,Whether younparks.gov.sg/cms/index.php?option=com_visitorsguide&task=parks&id=16Th, ,F169EFB0AF75CC3C,9/1/2017 0:00,29467.9781,30862.2827
102,103,www.yoursingapore.com/en/see-do-singapore/nature-wildlife/singapore-islands/kusu-island.html, , , ,"Kusu Island, Singapore",2015-09-09T09:44:33.992+08:00,1.2230965,103.8605232,Kusu Island, ,If yousland,http://www.sentosa.com.sg/en/nature/southern-islands/kusu-island/,"Kusu Island lies to the south of Singapore, and has a wonderful mix of local heritage and beach activities.", ,986FE9B794D5E201,9/1/2017 0:00,31027.7192,22869.3386
103,104,www.yoursingapore.com/en/see-do-singapore/nature-wildlife/fun-with-animals/jurong-bird-park.html,www.yoursingapore.com/content/dam/desktop/global/see-do-singapore/nature-wildlife/jurong-bird-park-carousel01-rect.jpg,Enjoy close encounters with some of our prettiest and rarest feathered friends at the Jurong Bird Park., ,"Jurong Bird Park, Singapore: Attractions & Things to Do",2015-09-22T10:10:33.155+08:00,1.318706,103.706442,2 Jurong Hill, ,"Jurong Bird Park has almost every species to impress avian lovers, along with fun exhibits, interactive shows, and of course, its charming residents.",http://www.birdpark.com.sg,"Jurong Bird Park has almost every species to impress avian lovers, along with fun exhibits, interactive shows, and of course, its charming residents.","Daily, 8.30am - 6pm",7A39FA60326C4AE3,9/1/2017 0:00,13879.8679,33441.6866
104,105,www.yoursingapore.com/en/see-do-singapore/nature-wildlife/parks-gardens/hortpark.html,www.yoursingapore.com/content/dam/desktop/global/see-do-singapore/nature-wildlife/hortpark-carousel01-rect.jpg,"Escape the buzz of the city at HortPark, Singapore.",National Parks Board,HortPark,2015-09-09T09:47:25.899+08:00,1.279069,103.799724,33 Hyderabad Road, ,Lose yourself in this dreamscape of stunning gardens that will make you forget the bustle of city.,http://www.nparks.gov.sg/cms/index.php?option=com_visitorsguide&task=parks&id=17&Itemid=73,HortPark is a gorgeous collection of stunning gardens and plants that will make you  forget about the bustle of city.,"Daily, 6am  a gorgeous collection of stunning gardens and plants that will make you  forget about the bustle of city.",E60460B170B57ADD,9/1/2017 0:00,24261.1939,29058.496
105,106,www.yoursingapore.com/en/see-do-singapore/recreation-leisure/fun-things-to-do/adventure-cove.html,www.yoursingapore.com/content/dam/desktop/global/see-do-singapore/recreation-leisure/adventure-cove-carousel01-rect.jpg,Adventure Cove Waterparkntent/dam/desktop/global/see-do-singapore/recreation-leisure/adventure-cove-carousel01-rect.jpg, ,Adventure Cove Waterparkntent/dam/desktop/global/see-do-singapore/recreation-leisure/adventure-cove-carousel01-rect.jpg,2015-09-23T19:20:35.693+08:00,1.2573388,103.8195254,"8 Sentosa Gateway, Sentosa Island", ,Make a big splash at this aquatic adventure park at Resorts World/recreation-leisure/adventure-cove-carousel01-rect.jpg,http://www.rwsentosa.com/language/en-US/Homepage/Attractions/MarineLifePark/AdventureCoveWaterpark,Adventure Cove Waterpark/language/en-US/Homepage/Attractions/MarineLifePark/AdventureCoveWaterpark,"Daily, 10am ve Waterpark/language/en-US/Homepage/Attractions/MarineLifePark/AdventureCoveWaterpark",8745BEC88DC191EB,9/1/2017 0:00,26464.9175,26655.6626
106,107,www.yoursingapore.com/en/see-do-singapore/architecture/modern/lassalle-college-of-the-arts.html,www.yoursingapore.com/content/dam/desktop/global/see-do-singapore/architecture/lasalle-college-of-the-arts-carousel01-rect.jpg,Lasalle College of the Arts pushes the boundaries of creativity in architecture., ,Lasalle College of the Arts,2015-09-24T12:37:44.129+08:00,1.3029,103.8516,1 McNally Street, ,How can something that fits so perfectly into a cityscape evoke nature as well? It all lies in the design of Lasalle College of the Arts.,https://www.lasalle.edu.sg,How can something that fits so perfectly into a cityscape evoke nature as well? It all lies in the design of Lasalle College of the Arts.,"Administration Office Monday to Friday, 9am o a cityscape evoke nature as well? It all lies in the design of Lasalle College of the Arts.",C3B4EB775480D9C4,9/1/2017 0:00,30034.5559,31693.5879
